<?xml version="1.0" encoding="UTF-8"?><ActivityDefinition xmlns="http://hl7.org/fhir"><id value="IMMZD2DTMeaslesMR"/><meta><profile value="http://hl7.org/fhir/uv/cpg/StructureDefinition/cpg-immunizationactivity"/></meta><extension url="http://hl7.org/fhir/uv/cpg/StructureDefinition/cpg-knowledgeCapability"><valueCode value="computable"/></extension><url value="http://moh.rwanda/ig/smart-immunizations-measles/ActivityDefinition/IMMZD2DTMeaslesMR"/><version value="0.1.0"/><name value="IMMZD2DTMeaslesMedicationRequest"/><title value="IMMZ.D2.DT.Measles.MR"/><status value="draft"/><experimental value="false"/><date value="2023-10-03"/><publisher value="rwanda"/><contact><name value="rwanda"/><telecom><system value="url"/><value value="http://moh.rwanda"/></telecom></contact><description value="Provide measles immunization"/><library value="http://smart.who.int/ig/smart-immunizations-measles/Library/IMMZD2DTMeasles"/><kind value="MedicationRequest"/><profile value="http://hl7.org/fhir/uv/cpg/StructureDefinition/cpg-immunizationrequest"/><intent value="proposal"/><doNotPerform value="false"/><productCodeableConcept><coding><system value="http://id.who.int/icd11/mms"/><code value="XM28X5"/><display value="Measles vaccines"/></coding></productCodeableConcept><dynamicValue><path value="status"/><expression><language value="text/cql"/><expression value="'draft'"/></expression></dynamicValue><dynamicValue><path value="intent"/><expression><language value="text/cql"/><expression value="'proposal'"/></expression></dynamicValue><dynamicValue><path value="dispenseRequest.validityPeriod.start"/><expression><description value="Due date of the dose"/><language value="text/cql-identifier"/><expression value="Schedule Due Date for MCV dose"/></expression></dynamicValue><dynamicValue><path value="dispenseRequest.validityPeriod.end"/><expression><description value="Expiration date for MCV dose"/><language value="text/cql-identifier"/><expression value="Expiration Date for MCV dose"/></expression></dynamicValue></ActivityDefinition>