{"resourceType":"ValueSet","id":"VSMeaslesVaccineProducts","text":{"status":"generated","div":"<div xmlns=\"http://www.w3.org/1999/xhtml\"><ul><li>Include all codes defined in <a href=\"CodeSystem-VaccineProducts.html\"><code>http://moh.rwanda/ig/smart-immunizations-measles/CodeSystem/VaccineProducts</code></a></li></ul></div>"},"url":"http://moh.rwanda/ig/smart-immunizations-measles/ValueSet/VSMeaslesVaccineProducts","version":"0.1.0","name":"VSMeaslesVaccineProducts","title":"MeaslesVaccine Products ValueSet","status":"draft","date":"2023-10-25T13:44:19+00:00","publisher":"rwanda","contact":[{"name":"rwanda","telecom":[{"system":"url","value":"http://moh.rwanda"}]}],"description":"Vaccine Product Codes - representing the codes of the products currently available.","compose":{"include":[{"system":"http://moh.rwanda/ig/smart-immunizations-measles/CodeSystem/VaccineProducts"}]}}