<?xml version="1.0" encoding="UTF-8"?>

<ValueSet xmlns="http://hl7.org/fhir">
  <id value="IMMZ.D4.DE161"/>
  <text>
    <status value="extensions"/><div xmlns="http://www.w3.org/1999/xhtml"><ul><li>Include these codes as defined in <a href="CodeSystem-IMMZ.D4.html"><code>http://moh.rwanda/ig/smart-immunizations-measles/CodeSystem/IMMZ.D4</code></a><table class="none"><tr><td style="white-space:nowrap"><b>Code</b></td><td><b>Display</b></td><td><b>Definition</b></td></tr><tr><td><a href="CodeSystem-IMMZ.D4.html#IMMZ.D4-DE162">DE162</a></td><td>Currently pregnant</td><td>The client is currently pregnant</td></tr><tr><td><a href="CodeSystem-IMMZ.D4.html#IMMZ.D4-DE165">DE165</a></td><td>Severely immunosuppressed</td><td>The client is known to be severely immunocompromised or immunosuppressed</td></tr><tr><td><a href="CodeSystem-IMMZ.D4.html#IMMZ.D4-DE166">DE166</a></td><td>History of anaphylactic reactions</td><td>The client is known to have history of anaphylaxis in the past. Anaphylaxis is a severe and potentially life-threatening allergic reaction that can occur rapidly after exposure to an allergen or vaccine component.</td></tr><tr><td><a href="CodeSystem-IMMZ.D4.html#IMMZ.D4-DE167">DE167</a></td><td>Severe allergic reactions</td><td>The client is known to have severe allergic reaction to vaccine</td></tr><tr><td><a href="CodeSystem-IMMZ.D4.html#IMMZ.D4-DE168">DE168</a></td><td>Symptomatic HIV infection</td><td>The client is experiencing HIV-related symptoms</td></tr></table></li></ul></div>
  </text>
  <url value="http://moh.rwanda/ig/smart-immunizations-measles/ValueSet/IMMZ.D4.DE161"/>
  <version value="0.1.0"/>
  <name value="IMMZ_D4_DE161"/>
  <title value="IMMZ.D4.DE161 ValueSet for Potential Contraindications"/>
  <status value="active"/>
  <date value="2023-10-25T13:44:19+00:00"/>
  <publisher value="rwanda"/>
  <contact>
    <name value="rwanda"/>
    <telecom>
      <system value="url"/>
      <value value="http://moh.rwanda"/>
    </telecom>
  </contact>
  <description value="ValueSet for Potential Contraindications for IMMZ.D4.DE161."/>
  <compose>
    <include>
      <system value="http://moh.rwanda/ig/smart-immunizations-measles/CodeSystem/IMMZ.D4"/>
      <concept>
        <code value="DE162"/>
        <display value="Currently pregnant"/>
      </concept>
      <concept>
        <code value="DE165"/>
        <display value="Severely immunosuppressed"/>
      </concept>
      <concept>
        <code value="DE166"/>
        <display value="History of anaphylactic reactions"/>
      </concept>
      <concept>
        <code value="DE167"/>
        <display value="Severe allergic reactions"/>
      </concept>
      <concept>
        <code value="DE168"/>
        <display value="Symptomatic HIV infection"/>
      </concept>
    </include>
  </compose>
</ValueSet>