{
  "resourceType" : "ValueSet",
  "id" : "IMMZ.D4.DE161",
  "text" : {
    "status" : "extensions",
    "div" : "<div xmlns=\"http://www.w3.org/1999/xhtml\"><ul><li>Include these codes as defined in <a href=\"CodeSystem-IMMZ.D4.html\"><code>http://moh.rwanda/ig/smart-immunizations-measles/CodeSystem/IMMZ.D4</code></a><table class=\"none\"><tr><td style=\"white-space:nowrap\"><b>Code</b></td><td><b>Display</b></td><td><b>Definition</b></td></tr><tr><td><a href=\"CodeSystem-IMMZ.D4.html#IMMZ.D4-DE162\">DE162</a></td><td>Currently pregnant</td><td>The client is currently pregnant</td></tr><tr><td><a href=\"CodeSystem-IMMZ.D4.html#IMMZ.D4-DE165\">DE165</a></td><td>Severely immunosuppressed</td><td>The client is known to be severely immunocompromised or immunosuppressed</td></tr><tr><td><a href=\"CodeSystem-IMMZ.D4.html#IMMZ.D4-DE166\">DE166</a></td><td>History of anaphylactic reactions</td><td>The client is known to have history of anaphylaxis in the past. Anaphylaxis is a severe and potentially life-threatening allergic reaction that can occur rapidly after exposure to an allergen or vaccine component.</td></tr><tr><td><a href=\"CodeSystem-IMMZ.D4.html#IMMZ.D4-DE167\">DE167</a></td><td>Severe allergic reactions</td><td>The client is known to have severe allergic reaction to vaccine</td></tr><tr><td><a href=\"CodeSystem-IMMZ.D4.html#IMMZ.D4-DE168\">DE168</a></td><td>Symptomatic HIV infection</td><td>The client is experiencing HIV-related symptoms</td></tr></table></li></ul></div>"
  },
  "url" : "http://moh.rwanda/ig/smart-immunizations-measles/ValueSet/IMMZ.D4.DE161",
  "version" : "0.1.0",
  "name" : "IMMZ_D4_DE161",
  "title" : "IMMZ.D4.DE161 ValueSet for Potential Contraindications",
  "status" : "active",
  "date" : "2023-10-25T13:44:19+00:00",
  "publisher" : "rwanda",
  "contact" : [{
    "name" : "rwanda",
    "telecom" : [{
      "system" : "url",
      "value" : "http://moh.rwanda"
    }]
  }],
  "description" : "ValueSet for Potential Contraindications for IMMZ.D4.DE161.",
  "compose" : {
    "include" : [{
      "system" : "http://moh.rwanda/ig/smart-immunizations-measles/CodeSystem/IMMZ.D4",
      "concept" : [{
        "code" : "DE162",
        "display" : "Currently pregnant"
      },
      {
        "code" : "DE165",
        "display" : "Severely immunosuppressed"
      },
      {
        "code" : "DE166",
        "display" : "History of anaphylactic reactions"
      },
      {
        "code" : "DE167",
        "display" : "Severe allergic reactions"
      },
      {
        "code" : "DE168",
        "display" : "Symptomatic HIV infection"
      }]
    }]
  }
}